{"cameraMode":{"drawMode":0,"name":"Shaded","section":"Shading Mode"},"sceneLighting":true,"audioPlay":false,"sceneViewState":{"m_AlwaysRefresh":false,"showFog":true,"showSkybox":true,"showFlares":true,"showImageEffects":true,"showParticleSystems":true,"showVisualEffectGraphs":true,"m_FxEnabled":true},"in2DMode":false,"pivot":{"x":857.5042114257813,"y":130.60488891601563,"z":5.0905914306640629},"rotation":{"x":-0.5084667801856995,"y":-0.04852458834648132,"z":0.028691332787275316,"w":-0.8592948317527771},"size":494.8182678222656,"orthographic":false}