{"cameraMode":{"drawMode":0,"name":"Shaded","section":"Shading Mode"},"sceneLighting":true,"audioPlay":false,"sceneViewState":{"m_AlwaysRefresh":false,"showFog":true,"showSkybox":true,"showFlares":true,"showImageEffects":true,"showParticleSystems":true,"showVisualEffectGraphs":true,"m_FxEnabled":true},"in2DMode":false,"pivot":{"x":-3.449385643005371,"y":-107.21066284179688,"z":169.99374389648438},"rotation":{"x":-0.40801504254341128,"y":-0.014523383229970932,"z":0.0064699300564825539,"w":-0.9128931760787964},"size":363.08941650390627,"orthographic":false}